What,Timestamp,Email Address,I enjoy reading the notes. (1: Strongly disagree; 2: Disagree; 3: Not sure; 4: Agree; 5: Strongly agree),I understand what was taught in the notes. (1: Strongly disagree; 2: Disagree; 3: Not sure; 4: Agree; 5: Strongly agree),I will recommend these notes to my friends.(1: Strongly disagree; 2: Disagree; 3: Not sure; 4: Agree; 5: Strongly agree),I enjoy doing the activities. (1: Strongly disagree; 2: Disagree; 3: Not sure; 4: Agree; 5: Strongly agree),I understand what was taught through the activities. (1: Strongly disagree; 2: Disagree; 3: Not sure; 4: Agree; 5: Strongly agree),I will recommend the activities to my friends.(1: Strongly disagree; 2: Disagree; 3: Not sure; 4: Agree; 5: Strongly agree),How long do you think you spent on this lesson?,Please rate your overall experience. Is this experience satisfying?,Age,"Additional feedback. Please write down if you have some thoughts on what you like about the lesson, what you think could be improved or some other feedback. All feedback are welcomed! "
FBD-Lesson3,4/23/2021 21:01:33,,6,6,6,6,6,6,Less than 30 minutes,Not satisfying,18,
FBD-Lesson3,8/2/2021 22:15,,10,10,10,10,10,10,Less than 30 minutes,Very satisfying,16,Help me a lot !
FBD-Lesson3,8/3/2021 17:08,,10,10,10,10,10,10,Between 30 to 60 minutes,Very satisfying,17,
FBD-Lesson3,8/4/2021 13:09,,8,6,4,8,6,4,Less than 30 minutes,Satisfying,14,
FBD-Lesson3,8/5/2021 9:35,,10,8,10,10,8,10,Between 60 to 90 minutes,Very satisfying,14,Perfect!
FBD-Lesson3,8/5/2021 20:58,,10,10,10,10,10,10,Less than 30 minutes,Satisfying,13,Nothing. 
FBD-Lesson3,8/5/2021 22:18,,8,8,10,8,8,10,Between 60 to 90 minutes,Very satisfying,13,-
FBD-Lesson3,8/5/2021 22:40,,8,6,8,8,6,8,Less than 30 minutes,Not satisfying,13,This lessons are nice 
FBD-Lesson3,8/6/2021 15:37,,10,10,10,10,8,10,Less than 30 minutes,Satisfying,13,Thank you for the intresting  lesson .
FBD-Lesson3,8/6/2021 18:16,,8,8,8,8,8,8,Less than 30 minutes,Satisfying,17,
FBD-Lesson3,8/6/2021 18:29,,10,10,10,10,10,10,Less than 30 minutes,Very satisfying,16,
FBD-Lesson3,8/6/2021 22:43,,8,8,8,8,8,8,Less than 30 minutes,Satisfying,17,
FBD-Lesson3,8/6/2021 23:42,,10,10,10,10,10,10,Between 30 to 60 minutes,Satisfying,13,"Excellent, keep it up!ðŸ˜Š"
FBD-Lesson3,8/7/2021 11:35,,10,10,10,10,10,10,Between 30 to 60 minutes,Satisfying,17,
FBD-Lesson3,8/7/2021 12:37,,10,10,10,10,10,10,Less than 30 minutes,Very satisfying,15,
FBD-Lesson3,8/7/2021 13:12,,10,8,10,10,10,10,Between 60 to 90 minutes,Very satisfying,17,
FBD-Lesson3,8/7/2021 16:03,,10,10,10,10,10,10,Less than 30 minutes,Very satisfying,14,
FBD-Lesson3,8/7/2021 16:54,,10,10,10,10,10,10,Less than 30 minutes,Very satisfying,13,It's informative and fun in the sense that there's a lot of interactions 
FBD-Lesson3,8/7/2021 17:24,,10,10,10,10,10,10,Less than 30 minutes,Very satisfying,16,add backgorund sound
FBD-Lesson3,8/7/2021 18:15,,10,10,8,10,10,8,Less than 30 minutes,Satisfying,13,This is all good.
FBD-Lesson3,8/7/2021 18:18,,8,8,10,8,8,8,Between 30 to 60 minutes,Satisfying,16,
FBD-Lesson3,8/7/2021 19:41,,10,10,10,10,10,10,Between 30 to 60 minutes,Very satisfying,13,"Thanks for the slides, I had learned a lot!"
FBD-Lesson3,8/7/2021 21:12,,10,10,10,10,10,10,Less than 30 minutes,Very satisfying,13,I enjoyed it! ðŸ˜Š
FBD-Lesson3,8/7/2021 21:37,,10,10,10,10,10,10,Less than 30 minutes,Very satisfying,13,Very good lessons.I likes the part about copyright since i never knew what was it until now.
FBD-Lesson3,8/8/2021 8:22,,10,10,10,10,10,10,Between 60 to 90 minutes,Satisfying,13,It is fun to know about internet more.
FBD-Lesson3,8/8/2021 10:09,,6,6,6,6,6,6,Between 30 to 60 minutes,Not sure,17,
FBD-Lesson3,8/8/2021 10:12,,10,10,10,10,10,10,Less than 30 minutes,Very satisfying,13,
FBD-Lesson3,8/8/2021 14:42,,8,8,8,8,8,8,Between 60 to 90 minutes,Satisfying,16,
FBD-Lesson3,8/8/2021 14:52,,10,10,10,10,10,10,Between 30 to 60 minutes,Very satisfying,16,
FBD-Lesson3,8/8/2021 15:11,,10,10,10,8,10,10,Between 30 to 60 minutes,Satisfying,16, i really love the automatic chat bot features ^^
FBD-Lesson3,8/8/2021 17:04,,10,10,10,10,10,10,Between 30 to 60 minutes,Satisfying,13,This is good.
FBD-Lesson3,8/8/2021 18:06,,10,10,10,10,10,10,Between 60 to 90 minutes,Very satisfying,13,
FBD-Lesson3,8/8/2021 19:05,,10,10,10,10,10,10,Between 30 to 60 minutes,Very satisfying,16,Interesting!
FBD-Lesson3,8/8/2021 20:47,,10,10,10,10,10,10,Less than 30 minutes,Very satisfying,16,
FBD-Lesson3,8/8/2021 22:38,,8,8,6,8,8,6,Between 30 to 60 minutes,Not sure,16,
FBD-Lesson3,8/9/2021 11:42,,10,10,8,10,10,8,Between 30 to 60 minutes,Very satisfying,15,
FBD-Lesson3,8/9/2021 15:30,,8,8,10,10,10,10,Between 30 to 60 minutes,Satisfying,16,
FBD-Lesson3,8/9/2021 16:50,,8,8,8,8,8,8,Less than 30 minutes,Satisfying,16,
FBD-Lesson3,8/9/2021 19:08,,10,10,10,10,10,10,Between 30 to 60 minutes,Satisfying,16,
FBD-Lesson3,8/9/2021 19:12,,10,10,10,10,10,10,Between 60 to 90 minutes,Very satisfying,15,TING XIN LING
FBD-Lesson3,8/9/2021 21:30,,10,10,10,10,10,10,Between 60 to 90 minutes,Very satisfying,15,
FBD-Lesson3,8/9/2021 21:35,,8,8,8,8,8,8,Less than 30 minutes,Satisfying,16,.
FBD-Lesson3,8/9/2021 22:33,,10,8,10,8,10,8,Between 30 to 60 minutes,Very satisfying,16,Very useful and helpful for the kids out there
FBD-Lesson3,8/9/2021 23:59,,8,8,8,8,8,8,Between 60 to 90 minutes,Satisfying,16,
FBD-Lesson3,8/10/2021 0:07,,8,8,8,8,8,8,Between 30 to 60 minutes,Satisfying,16,The notes were given are really useful! Continue to talk about something like this in the future. 
FBD-Lesson3,8/10/2021 3:01,,8,8,8,8,8,8,Between 60 to 90 minutes,Satisfying,16,
FBD-Lesson3,8/10/2021 3:07,,8,8,8,8,8,8,Between 60 to 90 minutes,Satisfying,16,
FBD-Lesson3,8/10/2021 9:41,,10,8,8,10,10,8,Between 30 to 60 minutes,Very satisfying,13,
FBD-Lesson3,8/10/2021 10:16,,10,10,10,10,10,10,Less than 30 minutes,Very satisfying,13,
FBD-Lesson3,8/10/2021 11:50,,10,10,10,10,10,10,Less than 30 minutes,Very satisfying,13,You can do it next year
FBD-Lesson3,8/10/2021 12:59,,8,10,10,10,10,10,Between 30 to 60 minutes,Satisfying,16,
FBD-Lesson3,8/10/2021 14:15,,8,8,8,8,8,8,Between 30 to 60 minutes,Not sure,14,
FBD-Lesson3,8/10/2021 15:42,,10,10,10,10,10,10,Between 30 to 60 minutes,Satisfying,16,"no, really good"
FBD-Lesson3,8/10/2021 19:12,,8,8,8,8,8,8,Between 30 to 60 minutes,Satisfying,14,
FBD-Lesson3,8/11/2021 10:55,,10,10,10,10,10,10,Between 30 to 60 minutes,Satisfying,17,
FBD-Lesson3,8/11/2021 11:51,,10,10,10,10,10,10,Less than 30 minutes,Satisfying,16,
FBD-Lesson3,8/11/2021 13:24,,10,10,10,10,10,10,Less than 30 minutes,Very satisfying,15,
FBD-Lesson3,8/11/2021 15:47,,10,10,10,10,10,10,Less than 30 minutes,Very satisfying,16,
FBD-Lesson3,8/11/2021 16:23,,10,10,10,8,10,10,Between 30 to 60 minutes,Satisfying,15,
FBD-Lesson3,8/11/2021 16:40,,8,8,8,8,8,8,Less than 30 minutes,Satisfying,16,
FBD-Lesson3,8/11/2021 17:07,,10,8,10,8,10,10,Less than 30 minutes,Very satisfying,17,
FBD-Lesson3,8/11/2021 17:08,,10,10,10,10,10,10,Less than 30 minutes,Very satisfying,17,
FBD-Lesson3,8/11/2021 17:10,,10,10,10,10,10,10,Less than 30 minutes,Very satisfying,16,
FBD-Lesson3,8/11/2021 17:33,,10,10,10,10,10,10,Less than 30 minutes,Very satisfying,13,
FBD-Lesson3,8/11/2021 18:43,,10,10,10,8,10,8,Less than 30 minutes,Satisfying,13,
FBD-Lesson3,8/11/2021 20:09,,8,8,8,8,8,8,Less than 30 minutes,Satisfying,17,
FBD-Lesson3,8/11/2021 21:48,,8,6,8,6,6,8,Between 30 to 60 minutes,Not sure,15,
FBD-Lesson3,8/11/2021 22:40,,10,10,10,10,10,10,Less than 30 minutes,Very satisfying,13,i  have none. thank you
FBD-Lesson3,8/11/2021 22:42,,10,8,10,10,8,10,Between 30 to 60 minutes,Satisfying,15,-
FBD-Lesson3,8/11/2021 22:45,,10,10,8,10,10,10,Between 30 to 60 minutes,Satisfying,13,
FBD-Lesson3,8/11/2021 23:54,,10,10,10,10,10,10,Less than 30 minutes,Very satisfying,16,
FBD-Lesson3,8/12/2021 10:21,,8,8,10,8,8,10,Less than 30 minutes,Not sure,17,highlight the point
FBD-Lesson3,8/12/2021 12:23,,8,8,8,8,8,8,Less than 30 minutes,Satisfying,16,respect other opinion.
FBD-Lesson3,8/12/2021 15:51,,10,10,10,8,8,8,Less than 30 minutes,Very satisfying,13,I'm just like this.But I also like if you put new information.
FBD-Lesson3,8/12/2021 16:00,,10,10,10,8,8,10,Less than 30 minutes,Very satisfying,13,I love this!
FBD-Lesson3,8/12/2021 16:01,,8,8,8,8,8,8,Between 30 to 60 minutes,Satisfying,16,
FBD-Lesson3,8/12/2021 22:10,,8,10,8,8,10,8,Between 30 to 60 minutes,Satisfying,16,
FBD-Lesson3,8/12/2021 22:19,,8,8,8,8,8,8,Between 30 to 60 minutes,Satisfying,16,
FBD-Lesson3,8/12/2021 23:47,,8,8,10,8,8,8,Between 30 to 60 minutes,Satisfying,16,
FBD-Lesson3,8/13/2021 0:12:40,,10,10,10,10,10,10,Less than 30 minutes,Very satisfying,17,The notes are very informative!
FBD-Lesson3,8/13/2021 0:12:52,,8,8,8,6,6,6,Less than 30 minutes,Satisfying,17,
FBD-Lesson3,8/13/2021 0:22:59,,8,8,8,8,8,8,Between 30 to 60 minutes,Satisfying,17,
FBD-Lesson3,8/13/2021 0:23:36,,10,10,8,10,10,8,Between 30 to 60 minutes,Very satisfying,15,i can learn how to be careful when following peopls
FBD-Lesson3,8/13/2021 10:01:40,,10,10,10,10,10,10,Between 30 to 60 minutes,Satisfying,17,
FBD-Lesson3,8/13/2021 13:54:36,,10,8,8,4,6,6,Between 30 to 60 minutes,Very satisfying,15,same like before
FBD-Lesson3,8/13/2021 14:06:50,,10,10,10,10,10,10,Between 30 to 60 minutes,Very satisfying,15,"I personally really think that I've learned a lot from the lessons. Overall, I think everything is great! "
FBD-Lesson3,8/13/2021 14:56:24,,10,8,6,8,8,8,Less than 30 minutes,Satisfying,15,
FBD-Lesson3,8/13/2021 17:12:19,,10,10,10,10,10,10,Between 30 to 60 minutes,Satisfying,16,
FBD-Lesson3,8/13/2021 17:56:51,,8,8,8,8,8,8,Less than 30 minutes,Satisfying,16,
FBD-Lesson3,8/13/2021 22:40:05,,8,6,10,10,8,8,Less than 30 minutes,Satisfying,13,
FBD-Lesson3,8/13/2021 23:26:58,,10,10,10,10,10,10,Between 30 to 60 minutes,Satisfying,15,
FBD-Lesson3,8/13/2021 23:36:43,,8,6,6,6,8,8,Less than 30 minutes,Satisfying,16,all good
FBD-Lesson3,8/14/2021 10:44:31,,10,10,10,10,10,10,Less than 30 minutes,Very satisfying,13,
FBD-Lesson3,8/14/2021 10:49:34,,8,8,6,6,8,8,Between 30 to 60 minutes,Not sure,13,
FBD-Lesson3,8/14/2021 11:34:35,,10,10,10,10,10,10,Less than 30 minutes,Very satisfying,13,
FBD-Lesson3,8/14/2021 12:36:56,,10,10,10,10,10,10,Less than 30 minutes,Very satisfying,14,
FBD-Lesson3,8/14/2021 12:44:46,,8,8,8,8,8,8,Less than 30 minutes,Satisfying,13,
FBD-Lesson3,8/14/2021 13:45:54,,10,10,10,10,10,10,Between 30 to 60 minutes,Very satisfying,16,
FBD-Lesson3,8/14/2021 13:46:41,,8,8,8,8,8,8,Less than 30 minutes,Satisfying,13,
FBD-Lesson3,8/14/2021 15:38:20,,10,10,10,10,10,10,More than 90 minutes,Very satisfying,13,The question is a little bit hard.
FBD-Lesson3,8/14/2021 15:55:14,,8,8,8,8,8,8,Less than 30 minutes,Satisfying,14,I love how you create the animation and i enjoy it
FBD-Lesson3,8/14/2021 16:19:23,,8,8,8,10,8,8,Between 60 to 90 minutes,Not sure,16,I learned how to be respectful and manners to others when using social media. Always aware with everyone in your social media.
FBD-Lesson3,8/14/2021 16:22:29,,10,10,10,8,10,10,Between 30 to 60 minutes,Satisfying,15,
FBD-Lesson3,8/14/2021 16:24:55,,8,8,8,8,8,8,Less than 30 minutes,Satisfying,13,
FBD-Lesson3,8/14/2021 16:27:51,,10,10,10,10,10,10,More than 90 minutes,Very satisfying,13,Ok
FBD-Lesson3,8/14/2021 16:54:11,,6,6,8,8,8,8,Between 30 to 60 minutes,Satisfying,15,
FBD-Lesson3,8/14/2021 17:09:07,,10,10,10,10,10,10,Between 30 to 60 minutes,Satisfying,16,the lessons contain so many great informations
FBD-Lesson3,8/14/2021 17:18:45,,10,10,10,10,10,10,Less than 30 minutes,Satisfying,16,
FBD-Lesson3,8/14/2021 17:20:50,,10,10,10,10,10,10,Less than 30 minutes,Very satisfying,16,
FBD-Lesson3,8/14/2021 17:34:19,,10,8,8,10,8,8,Less than 30 minutes,Satisfying,13,
FBD-Lesson3,8/14/2021 18:51:53,,10,10,10,10,10,10,Between 30 to 60 minutes,Very satisfying,16,It was great
FBD-Lesson3,8/14/2021 18:57:55,,10,8,10,10,8,10,Between 30 to 60 minutes,Very satisfying,16,
FBD-Lesson3,8/14/2021 20:40:04,,10,8,8,8,8,8,Between 30 to 60 minutes,Very satisfying,15,
FBD-Lesson3,8/14/2021 21:05:32,,10,10,10,10,10,10,Between 30 to 60 minutes,Satisfying,16,
FBD-Lesson3,8/14/2021 21:06:36,,10,10,10,10,10,10,Between 30 to 60 minutes,Satisfying,16,
FBD-Lesson3,8/14/2021 21:14:46,,8,8,8,8,8,8,Between 30 to 60 minutes,Satisfying,15,
FBD-Lesson3,8/14/2021 21:34:33,,10,10,10,8,8,10,Less than 30 minutes,Satisfying,16,
FBD-Lesson3,8/14/2021 22:03:15,,8,8,8,8,8,8,Less than 30 minutes,Satisfying,14,
FBD-Lesson3,8/14/2021 23:08:59,,10,10,10,10,10,10,Less than 30 minutes,Very satisfying,17,
FBD-Lesson3,8/15/2021 10:43:06,,8,8,8,8,8,8,Between 60 to 90 minutes,Satisfying,14,
FBD-Lesson3,8/15/2021 12:48:46,,10,10,10,10,10,10,Between 30 to 60 minutes,Very satisfying,15,
FBD-Lesson3,8/15/2021 12:53:16,,10,10,10,10,10,10,Between 60 to 90 minutes,Satisfying,16,
FBD-Lesson3,8/15/2021 13:13:38,,10,10,10,10,10,10,Less than 30 minutes,Very satisfying,17,
FBD-Lesson3,8/15/2021 14:14:24,,10,10,10,10,10,10,Less than 30 minutes,Satisfying,15,
FBD-Lesson3,8/15/2021 15:25:49,,10,10,10,10,10,10,Between 30 to 60 minutes,Satisfying,15,
FBD-Lesson3,8/15/2021 15:35:17,,10,10,10,10,10,10,Less than 30 minutes,Very satisfying,17,
FBD-Lesson3,8/15/2021 15:54:45,,10,10,10,10,10,10,Less than 30 minutes,Very satisfying,15,This lesson really motivated me about digital citizens.
FBD-Lesson3,8/15/2021 15:55:57,,8,8,8,8,8,8,Less than 30 minutes,Very satisfying,15,"I learnt about digital citizen  which i hope will be useful for me in future
"
FBD-Lesson3,8/15/2021 15:56:21,,10,10,10,10,10,10,Between 30 to 60 minutes,Very satisfying,15,
FBD-Lesson3,8/15/2021 16:33:17,,10,8,10,10,8,10,Less than 30 minutes,Satisfying,15,
FBD-Lesson3,8/15/2021 16:33:21,,10,10,10,10,10,10,Less than 30 minutes,Very satisfying,15,
FBD-Lesson3,8/15/2021 16:33:57,,10,10,10,10,10,10,Between 60 to 90 minutes,Satisfying,15,
FBD-Lesson3,8/15/2021 16:46:58,,10,10,10,10,10,10,More than 90 minutes,Very satisfying,15,
FBD-Lesson3,8/15/2021 17:16:49,,10,10,10,10,10,10,Between 60 to 90 minutes,Very satisfying,15,
FBD-Lesson3,8/15/2021 17:17:19,,10,10,10,10,10,10,Between 60 to 90 minutes,Very satisfying,15,
FBD-Lesson3,8/15/2021 17:21:49,,10,10,10,10,10,10,Between 30 to 60 minutes,Very satisfying,15,
FBD-Lesson3,8/15/2021 17:22:26,,10,10,10,10,10,10,Between 30 to 60 minutes,Very satisfying,15,
FBD-Lesson3,8/15/2021 17:29:41,,8,8,8,8,8,8,Less than 30 minutes,Satisfying,14,INTERNET NOT GOOD
FBD-Lesson3,8/15/2021 17:46:56,,10,10,10,10,10,10,Between 30 to 60 minutes,Very satisfying,15,
FBD-Lesson3,8/15/2021 17:50:07,,6,8,6,8,8,6,Between 30 to 60 minutes,Not sure,15,good lesson... essay to understand 
FBD-Lesson3,8/15/2021 17:57:31,,10,10,10,10,10,10,Between 30 to 60 minutes,Very satisfying,14,
FBD-Lesson3,8/15/2021 18:00:41,,10,10,10,10,10,10,Less than 30 minutes,Very satisfying,16,
FBD-Lesson3,8/15/2021 18:02:48,,8,8,10,8,8,10,Between 60 to 90 minutes,Satisfying,17,"Beside to be a good digital citizen, we also must be sensitive the content that involves races, cultures, the hot topic of our country and other else.

"
FBD-Lesson3,8/15/2021 19:16:54,,10,10,10,10,10,10,More than 90 minutes,Satisfying,14,No have any feedback
FBD-Lesson3,8/15/2021 19:19:26,,10,10,10,10,10,10,More than 90 minutes,Very satisfying,14,No feedback
FBD-Lesson3,8/15/2021 19:20:14,,10,10,10,10,10,10,More than 90 minutes,Satisfying,14,No feedback
FBD-Lesson3,8/15/2021 20:25:16,,8,8,10,10,10,8,Less than 30 minutes,Satisfying,16,
FBD-Lesson3,8/15/2021 20:55:04,,10,10,10,10,10,10,Between 30 to 60 minutes,Very satisfying,16,
FBD-Lesson3,8/15/2021 20:55:31,,6,6,6,6,6,6,Between 30 to 60 minutes,Not sure,16,
FBD-Lesson3,8/15/2021 20:55:42,,6,6,6,6,6,6,Between 30 to 60 minutes,Not sure,16,ques 4 and 7 have no correct answer
FBD-Lesson3,8/15/2021 20:55:47,,6,6,6,6,6,6,Between 30 to 60 minutes,Not sure,16,there are no correct answers for question 4 and 7 in lesson 2 quiz
FBD-Lesson3,8/15/2021 20:55:52,,10,10,10,4,6,6,Between 30 to 60 minutes,Very not satisfying,16,the answers are all wrong! there is no correct answer for question 4 and 7 in lesson 2 quiz 
FBD-Lesson3,8/15/2021 20:59:48,,6,6,6,6,6,6,Between 30 to 60 minutes,Not sure,16,"ques 4 and 7 have no correct answer
"
FBD-Lesson3,8/15/2021 21:31:24,,8,8,8,8,8,8,Less than 30 minutes,Satisfying,13,
FBD-Lesson3,8/15/2021 21:49:09,,8,8,8,8,8,8,Between 30 to 60 minutes,Satisfying,16,
FBD-Lesson3,8/15/2021 22:23:14,,8,10,10,8,10,10,Between 30 to 60 minutes,Satisfying,15,
FBD-Lesson3,8/15/2021 22:27:27,,8,8,8,8,8,8,Between 30 to 60 minutes,Satisfying,14,
FBD-Lesson3,8/15/2021 22:45:10,,10,6,10,8,8,10,Between 30 to 60 minutes,Satisfying,14,
FBD-Lesson3,8/16/2021 7:17:41,,10,8,10,10,10,10,Less than 30 minutes,Satisfying,14,
FBD-Lesson3,8/16/2021 9:21:54,,8,10,8,8,8,8,Less than 30 minutes,Satisfying,14,
FBD-Lesson3,8/16/2021 9:22:01,,10,8,8,10,8,8,Less than 30 minutes,Satisfying,14,
FBD-Lesson3,8/16/2021 9:22:06,,6,8,8,6,8,8,Less than 30 minutes,Satisfying,14,
FBD-Lesson3,8/16/2021 9:22:10,,8,8,8,8,8,8,Less than 30 minutes,Satisfying,14,
FBD-Lesson3,8/16/2021 9:22:42,,10,8,8,6,8,8,Less than 30 minutes,Satisfying,14,
FBD-Lesson3,8/16/2021 12:07:15,,10,10,8,10,8,8,Between 30 to 60 minutes,Very satisfying,14,
FBD-Lesson3,8/16/2021 13:42:11,,10,10,10,10,10,10,Between 30 to 60 minutes,Satisfying,16,"The wordwall game should be able to make it full screen, because I can't see the pictures clearly."
FBD-Lesson3,8/16/2021 13:49:43,,8,6,6,6,6,6,Between 30 to 60 minutes,Satisfying,16,
FBD-Lesson3,8/16/2021 14:38:12,,8,8,6,8,8,6,Between 30 to 60 minutes,Satisfying,15,
FBD-Lesson3,8/16/2021 15:40:23,,8,8,8,8,8,8,Between 30 to 60 minutes,Satisfying,15,
FBD-Lesson3,8/16/2021 18:02:02,,10,10,10,10,10,10,Between 30 to 60 minutes,Very satisfying,14,
FBD-Lesson3,8/16/2021 21:01:08,,8,8,8,8,8,8,More than 90 minutes,Satisfying,16,i really like about this lesson
FBD-Lesson3,8/16/2021 21:57:58,,10,10,10,10,10,10,Between 60 to 90 minutes,Very satisfying,13,This is really helpful.
FBD-Lesson3,8/16/2021 22:20:31,,10,10,10,10,10,10,Between 30 to 60 minutes,Satisfying,13,
FBD-Lesson3,8/16/2021 22:47:43,,10,10,10,10,10,10,Less than 30 minutes,Very satisfying,13,Love it very much!!
FBD-Lesson3,8/16/2021 22:53:56,,10,10,10,10,10,10,Between 30 to 60 minutes,Very satisfying,16,
FBD-Lesson3,8/16/2021 22:56:38,,10,10,10,10,10,10,Between 30 to 60 minutes,Very satisfying,16,
FBD-Lesson3,8/16/2021 23:44:11,,10,10,10,10,10,8,Between 60 to 90 minutes,Satisfying,13,Hope can create a app to block the predators incoming message and create more emosion.
FBD-Lesson3,8/17/2021 7:52:27,,10,10,10,10,10,10,Less than 30 minutes,Very satisfying,16,All of the activities are very interactive. This is a great way to encourage student to be a good digital citizens.
FBD-Lesson3,8/17/2021 11:11:34,,10,10,10,10,10,10,Between 30 to 60 minutes,Very satisfying,15,I learned so much throughout these past lessons and I loved how interactive these were despite us having have to read. I have never been a fan of reading but these lessons were really and eye-opener to how much I could actually read in one sitting
FBD-Lesson3,8/17/2021 11:39:59,,8,8,8,8,6,8,Between 30 to 60 minutes,Satisfying,16,
FBD-Lesson3,8/17/2021 11:46:18,,10,10,10,10,10,10,Less than 30 minutes,Very satisfying,17,
FBD-Lesson3,8/17/2021 13:39:52,,10,10,10,10,10,10,Between 30 to 60 minutes,Satisfying,16,
FBD-Lesson3,8/17/2021 13:39:54,,10,10,8,10,10,8,Between 30 to 60 minutes,Satisfying,13,I think you should just summarize and maybe don't repeat the lesson or something. Overall was really interesting and fun. 
FBD-Lesson3,8/17/2021 16:21:05,,8,8,10,8,8,10,Between 30 to 60 minutes,Satisfying,14,
FBD-Lesson3,8/17/2021 20:51:59,,10,10,10,10,10,10,Less than 30 minutes,Very satisfying,16,none. All good
FBD-Lesson3,8/17/2021 21:25:44,,8,10,10,8,10,8,Less than 30 minutes,Satisfying,16,None.
FBD-Lesson3,8/17/2021 21:43:55,,10,10,10,10,10,10,Less than 30 minutes,Very satisfying,16,
FBD-Lesson3,8/17/2021 22:14:00,,10,10,10,10,10,10,Less than 30 minutes,Very satisfying,16,
FBD-Lesson3,8/17/2021 22:34:50,,10,10,10,10,10,10,Between 30 to 60 minutes,Satisfying,16,
FBD-Lesson3,8/17/2021 23:10:40,,10,10,10,10,10,10,Less than 30 minutes,Very satisfying,13,
FBD-Lesson3,8/17/2021 23:29:19,,8,8,8,8,8,8,Between 30 to 60 minutes,Satisfying,16,
FBD-Lesson3,8/18/2021 11:03:05,,10,10,10,10,10,10,Less than 30 minutes,Satisfying,17,
FBD-Lesson3,8/18/2021 11:18:59,,10,10,10,10,10,10,Less than 30 minutes,Very satisfying,14,Its great!
FBD-Lesson3,8/18/2021 12:17:18,,10,10,10,10,10,10,Less than 30 minutes,Very satisfying,15,It's really motivated me
FBD-Lesson3,8/18/2021 13:17:05,,10,10,8,10,10,8,Between 30 to 60 minutes,Satisfying,15,
FBD-Lesson3,8/18/2021 14:02:57,,8,8,8,8,8,8,Less than 30 minutes,Satisfying,16,Interesting notes
FBD-Lesson3,8/18/2021 14:31:36,,6,10,6,6,10,6,Less than 30 minutes,Very satisfying,14,
FBD-Lesson3,8/18/2021 15:15:52,,10,6,8,10,10,8,Less than 30 minutes,Satisfying,16,
FBD-Lesson3,8/18/2021 15:24:00,,10,10,10,10,10,10,Less than 30 minutes,Very satisfying,15,
FBD-Lesson3,8/18/2021 17:00:25,,8,8,8,8,8,8,Between 30 to 60 minutes,Satisfying,14,this lesson help me very much on how to use and control internet and social media.
FBD-Lesson3,8/18/2021 18:12:46,,8,8,8,8,8,8,Between 30 to 60 minutes,Satisfying,14,I learned a lot
FBD-Lesson3,8/18/2021 18:13:01,,8,8,8,8,8,8,Between 30 to 60 minutes,Satisfying,14,I learned a lot from this lesson.
FBD-Lesson3,8/18/2021 19:52:05,,10,8,10,10,10,10,Between 30 to 60 minutes,Satisfying,13,nothing
FBD-Lesson3,8/18/2021 20:54:41,,8,8,8,8,8,8,Less than 30 minutes,Satisfying,15,
FBD-Lesson3,8/18/2021 22:25:19,,10,8,10,10,8,10,Between 30 to 60 minutes,Not sure,16,-
FBD-Lesson3,8/19/2021 0:41:22,,10,10,10,10,10,10,Less than 30 minutes,Very satisfying,13,
FBD-Lesson3,8/19/2021 8:18:10,,10,10,10,10,10,10,More than 90 minutes,Very satisfying,14,
FBD-Lesson3,8/19/2021 9:21:33,,10,10,10,10,10,10,Less than 30 minutes,Satisfying,16,
FBD-Lesson3,8/19/2021 10:30:19,,6,6,6,6,6,6,Between 30 to 60 minutes,Not sure,15,
FBD-Lesson3,8/19/2021 10:31:36,,8,8,8,8,8,8,Between 30 to 60 minutes,Satisfying,14,
FBD-Lesson3,8/19/2021 10:32:00,,8,8,8,8,8,8,Between 30 to 60 minutes,Satisfying,15,
FBD-Lesson3,8/19/2021 17:16:01,,10,10,10,10,10,10,Between 30 to 60 minutes,Very satisfying,16,
FBD-Lesson3,8/19/2021 17:16:21,,10,10,10,10,10,10,Between 30 to 60 minutes,Very satisfying,17,
FBD-Lesson3,8/19/2021 21:31:41,,8,8,8,8,8,8,Less than 30 minutes,Satisfying,16,No
FBD-Lesson3,8/19/2021 21:34:18,,10,10,10,10,10,10,Less than 30 minutes,Very satisfying,16,
FBD-Lesson3,8/19/2021 21:34:21,,10,10,10,10,10,10,Less than 30 minutes,Satisfying,16,
FBD-Lesson3,8/19/2021 21:36:52,,8,8,8,8,8,8,Between 30 to 60 minutes,Satisfying,16,No
FBD-Lesson3,8/19/2021 21:44:26,,10,10,10,10,10,10,Between 60 to 90 minutes,Very satisfying,16,no
FBD-Lesson3,8/19/2021 21:54:10,,10,10,10,10,10,10,More than 90 minutes,Very satisfying,16,Good enough
FBD-Lesson3,8/19/2021 22:17:51,,8,8,8,8,8,8,Between 30 to 60 minutes,Satisfying,16,NO
FBD-Lesson3,8/19/2021 22:34:03,,6,8,6,8,8,6,Between 30 to 60 minutes,Satisfying,17,
FBD-Lesson3,8/19/2021 22:44:33,,8,8,8,8,10,8,Between 30 to 60 minutes,Satisfying,14,animation too fast
FBD-Lesson3,8/20/2021 0:04:33,,8,8,8,8,8,8,Less than 30 minutes,Satisfying,16,
FBD-Lesson3,8/20/2021 9:02:05,,10,10,10,10,8,10,Between 30 to 60 minutes,Satisfying,13,
FBD-Lesson3,8/20/2021 11:46:27,,8,8,8,8,8,8,Between 30 to 60 minutes,Satisfying,16,
FBD-Lesson3,8/20/2021 12:36:47,,8,8,8,8,8,8,Less than 30 minutes,Satisfying,17,
FBD-Lesson3,8/20/2021 13:31:06,,10,10,10,10,10,10,Less than 30 minutes,Very satisfying,16,
FBD-Lesson3,8/20/2021 14:57:34,,10,8,8,10,8,8,Between 30 to 60 minutes,Satisfying,16,
FBD-Lesson3,8/20/2021 15:35:49,,10,8,8,10,8,8,Between 30 to 60 minutes,Satisfying,15,-
FBD-Lesson3,8/20/2021 15:55:32,,8,10,8,10,10,8,Less than 30 minutes,Satisfying,15,noice
FBD-Lesson3,8/20/2021 15:56:59,,10,10,10,10,10,10,Less than 30 minutes,Very satisfying,13,-
FBD-Lesson3,8/20/2021 16:18:09,,8,8,8,8,8,8,Between 30 to 60 minutes,Satisfying,14,
FBD-Lesson3,8/20/2021 16:44:03,,10,10,10,10,10,10,Between 30 to 60 minutes,Very satisfying,16,
FBD-Lesson3,8/20/2021 16:54:23,,10,10,10,10,10,10,Between 30 to 60 minutes,Very satisfying,16,
FBD-Lesson3,8/20/2021 17:00:18,,10,10,10,10,10,10,Less than 30 minutes,Very satisfying,17,
FBD-Lesson3,8/20/2021 17:44:13,,10,10,10,10,10,10,Between 30 to 60 minutes,Very satisfying,17,
FBD-Lesson3,8/20/2021 17:55:33,,8,8,6,8,8,6,Between 60 to 90 minutes,Not sure,14,
FBD-Lesson3,8/20/2021 18:22:18,,10,10,10,10,10,10,More than 90 minutes,Very satisfying,16,
FBD-Lesson3,8/20/2021 19:03:44,,8,8,8,8,8,8,Between 30 to 60 minutes,Satisfying,15,
FBD-Lesson3,8/20/2021 19:17:36,,8,8,8,8,8,8,Less than 30 minutes,Very satisfying,17,
FBD-Lesson3,8/20/2021 19:19:52,,10,10,8,10,10,10,Between 30 to 60 minutes,Satisfying,15,can give more some interesting GIFS
FBD-Lesson3,8/20/2021 19:27:30,,8,8,8,8,8,8,Between 30 to 60 minutes,Satisfying,16,The notes are really informative .
FBD-Lesson3,8/20/2021 19:33:12,,10,10,10,10,10,10,More than 90 minutes,Very satisfying,16,
FBD-Lesson3,8/20/2021 20:21:10,,10,10,10,10,10,10,Between 30 to 60 minutes,Very satisfying,17,All good bestie
FBD-Lesson3,8/20/2021 20:28:39,,8,10,10,8,8,10,Less than 30 minutes,Satisfying,17,
FBD-Lesson3,8/20/2021 20:37:09,,4,4,4,4,4,4,Less than 30 minutes,Satisfying,17,
FBD-Lesson3,8/20/2021 20:49:39,,8,8,10,8,8,10,Between 60 to 90 minutes,Satisfying,14,The example messages in the 4 bad examples was displayed too fast and I can't even read them properly. So it can be slower.
FBD-Lesson3,8/20/2021 21:09:58,,10,10,10,10,10,10,More than 90 minutes,Not sure,15,
FBD-Lesson3,8/20/2021 21:12:20,,10,10,10,10,10,10,Between 30 to 60 minutes,Very satisfying,15,
FBD-Lesson3,8/20/2021 22:42:48,,6,6,10,6,6,10,Between 60 to 90 minutes,Satisfying,14,
FBD-Lesson3,8/20/2021 22:51:13,,10,10,10,10,10,8,Between 60 to 90 minutes,Satisfying,13,nope
FBD-Lesson3,8/21/2021 0:19:03,,10,8,8,10,8,10,Between 30 to 60 minutes,Satisfying,17,
FBD-Lesson3,8/21/2021 2:15:37,,10,8,10,8,10,8,Between 30 to 60 minutes,Satisfying,14,
FBD-Lesson3,8/21/2021 3:27:20,,6,6,6,8,8,8,Between 30 to 60 minutes,Satisfying,17,
FBD-Lesson3,8/21/2021 8:33:59,,10,10,10,10,10,10,Between 30 to 60 minutes,Very satisfying,15,"I enjoyed the interactive lessons, please keep up the good job :)"
FBD-Lesson3,8/21/2021 9:15:06,,10,10,10,10,10,10,Between 30 to 60 minutes,Very satisfying,14,
FBD-Lesson3,8/21/2021 9:54:26,,10,10,10,10,10,10,Between 60 to 90 minutes,Satisfying,13,Nope
FBD-Lesson3,8/21/2021 11:35:06,,8,8,8,8,8,8,Less than 30 minutes,Satisfying,16,
FBD-Lesson3,8/21/2021 11:35:35,,10,10,10,10,10,10,Less than 30 minutes,Very satisfying,15,The notes given are really helpful and very fun to read.
FBD-Lesson3,8/21/2021 11:37:16,,10,10,10,10,10,10,Less than 30 minutes,Very satisfying,15,For me it really help me when im in online or communicate with strangers
FBD-Lesson3,8/21/2021 11:50:44,,10,10,10,10,10,10,Less than 30 minutes,Very satisfying,14,
FBD-Lesson3,8/21/2021 12:00:07,,10,10,10,10,10,10,Less than 30 minutes,Very satisfying,15,No feedback
FBD-Lesson3,8/21/2021 12:30:57,,10,10,10,10,10,10,Between 30 to 60 minutes,Satisfying,14,
FBD-Lesson3,8/21/2021 13:10:06,,8,10,8,8,8,8,Between 30 to 60 minutes,Very satisfying,17,
FBD-Lesson3,8/21/2021 13:39:09,,10,10,10,10,10,10,Between 30 to 60 minutes,Satisfying,14,
FBD-Lesson3,8/21/2021 13:41:21,,10,8,8,10,10,10,Between 30 to 60 minutes,Satisfying,17,
FBD-Lesson3,8/21/2021 13:55:10,,10,10,10,10,10,10,Between 30 to 60 minutes,Satisfying,14,"informative
"
FBD-Lesson3,8/21/2021 14:08:00,,10,10,10,10,10,10,Less than 30 minutes,Satisfying,15,no
FBD-Lesson3,8/21/2021 14:37:40,,10,10,10,10,10,10,Between 30 to 60 minutes,Satisfying,17,
FBD-Lesson3,8/21/2021 14:52:58,,10,10,10,10,10,10,Between 30 to 60 minutes,Very satisfying,15,
FBD-Lesson3,8/21/2021 15:58:16,,8,8,8,8,8,8,Less than 30 minutes,Satisfying,16,
FBD-Lesson3,8/21/2021 16:20:25,,10,10,10,10,10,10,Between 30 to 60 minutes,Very satisfying,14,
FBD-Lesson3,8/21/2021 16:32:40,,8,8,8,8,8,8,Between 30 to 60 minutes,Not sure,17,
FBD-Lesson3,8/21/2021 16:44:29,,10,10,10,8,8,8,Between 30 to 60 minutes,Satisfying,15,
FBD-Lesson3,8/21/2021 17:26:27,,10,10,10,10,10,10,Less than 30 minutes,Very satisfying,16,
FBD-Lesson3,8/21/2021 19:42:35,,10,10,10,10,10,10,Less than 30 minutes,Very satisfying,15,Helpful
FBD-Lesson3,8/21/2021 19:43:20,,10,10,10,10,10,10,Less than 30 minutes,Very satisfying,15,
FBD-Lesson3,8/21/2021 21:31:46,,10,10,10,10,10,10,Less than 30 minutes,Satisfying,13,
FBD-Lesson3,8/21/2021 21:36:23,,10,10,10,10,10,10,Between 30 to 60 minutes,Satisfying,16,
FBD-Lesson3,8/21/2021 21:49:33,,10,10,10,10,10,10,Less than 30 minutes,Very satisfying,16,
FBD-Lesson3,8/21/2021 21:54:33,,8,8,10,6,10,6,Less than 30 minutes,Not sure,15,
FBD-Lesson3,8/21/2021 21:58:09,,10,10,10,10,10,10,Between 30 to 60 minutes,Satisfying,15,
FBD-Lesson3,8/21/2021 22:06:14,,8,8,8,8,8,8,Between 30 to 60 minutes,Satisfying,16,It was great 
FBD-Lesson3,8/21/2021 22:06:53,,8,8,8,8,8,8,Between 30 to 60 minutes,Satisfying,16,I enjoy the lesson. 
FBD-Lesson3,8/21/2021 22:06:55,,8,8,8,10,8,8,Between 30 to 60 minutes,Satisfying,16,Great! I really enjoy this lesson.
FBD-Lesson3,8/21/2021 22:18:58,,8,8,8,8,8,8,Between 30 to 60 minutes,Satisfying,14,The lesson is good.
FBD-Lesson3,8/21/2021 22:27:31,,8,8,8,8,8,8,Between 30 to 60 minutes,Satisfying,17,
FBD-Lesson3,8/21/2021 22:56:00,,10,10,10,10,10,10,Between 60 to 90 minutes,Satisfying,17,no have any additional information and suggestions for improvement
FBD-Lesson3,8/21/2021 23:03:43,,10,8,8,10,8,10,Between 30 to 60 minutes,Satisfying,13,
FBD-Lesson3,8/21/2021 23:31:00,,10,8,8,8,10,8,Between 30 to 60 minutes,Satisfying,17,
FBD-Lesson3,8/21/2021 23:32:20,,10,10,10,10,10,10,Less than 30 minutes,Very satisfying,14,
FBD-Lesson3,8/21/2021 23:37:06,,8,8,8,8,8,8,Less than 30 minutes,Satisfying,16,everything was great
FBD-Lesson3,8/22/2021 0:19:55,,10,10,10,10,10,10,More than 90 minutes,Very satisfying,17,I like the lesson because it's very simple but full of information. The language is also easy to understand. I enjoyed reading other student comments too hahaha. Love it!
FBD-Lesson3,8/22/2021 0:20:08,,10,10,10,10,10,10,Less than 30 minutes,Very satisfying,16,
FBD-Lesson3,8/22/2021 0:34:39,,10,8,10,8,8,10,Between 30 to 60 minutes,Very not satisfying,16,THIS LESSON ARE REALLY USEFUL!!
FBD-Lesson3,8/22/2021 0:56:24,,8,8,8,10,8,8,Between 30 to 60 minutes,Satisfying,16,
FBD-Lesson3,8/22/2021 1:13:59,,8,8,8,8,8,8,Between 30 to 60 minutes,Satisfying,17,
FBD-Lesson3,8/22/2021 1:54:28,,8,10,8,6,10,6,Between 30 to 60 minutes,Satisfying,16,"Not sure if anyone else has the same problem, but in the activity where you need to match the images of Angela's chats to their respective description (Scammer, Cyberbully, Troll, Predator), I can't seem to view the images clearly; they were minimized and I had to guess which was which based on the amount of words in each chat bubble, which was still very difficult. Not sure if it was intentional or not, but I just figured it wasn't."
FBD-Lesson3,8/22/2021 7:59:06,,8,8,10,8,8,10,Between 30 to 60 minutes,Very satisfying,15,
FBD-Lesson3,8/22/2021 8:27:47,,8,10,10,8,10,10,Less than 30 minutes,Satisfying,15,I like how I can know how to deal with social problems on the internet
FBD-Lesson3,8/22/2021 10:48:40,,10,10,10,10,10,10,Between 30 to 60 minutes,Very satisfying,16,
FBD-Lesson3,8/22/2021 10:56:01,,8,8,6,6,8,6,Less than 30 minutes,Satisfying,14,-
FBD-Lesson3,8/22/2021 11:01:29,,10,10,10,10,10,10,Between 30 to 60 minutes,Very satisfying,14,
FBD-Lesson3,8/22/2021 11:05:55,,10,10,10,10,10,10,Between 30 to 60 minutes,Very satisfying,17,
FBD-Lesson3,8/22/2021 11:09:30,,8,8,8,8,8,8,Between 30 to 60 minutes,Satisfying,16,I enjoyed this lesson !
FBD-Lesson3,8/22/2021 11:24:06,,10,8,8,10,10,8,Between 30 to 60 minutes,Satisfying,16,I doesn't have feedback for me the lessons has taught me alot
FBD-Lesson3,8/22/2021 11:27:34,,6,6,6,6,6,6,Between 60 to 90 minutes,Not sure,15,
FBD-Lesson3,8/22/2021 11:47:14,,10,10,10,10,10,10,Less than 30 minutes,Very satisfying,17,
FBD-Lesson3,8/22/2021 12:24:03,,8,8,8,10,8,8,Between 30 to 60 minutes,Satisfying,14,It is funny.Thank you!
FBD-Lesson3,8/22/2021 12:34:45,,10,10,8,10,10,10,Less than 30 minutes,Very satisfying,17,
FBD-Lesson3,8/22/2021 13:21:07,,10,10,10,10,10,10,Less than 30 minutes,Satisfying,16,
FBD-Lesson3,8/22/2021 13:31:48,,10,10,10,10,10,10,Between 60 to 90 minutes,Very satisfying,15,
FBD-Lesson3,8/22/2021 13:47:32,,6,6,6,6,6,6,Between 60 to 90 minutes,Not sure,15,
FBD-Lesson3,8/22/2021 13:56:56,,8,8,8,8,8,8,Between 60 to 90 minutes,Satisfying,16,
FBD-Lesson3,8/22/2021 14:08:28,,6,8,8,8,8,8,Less than 30 minutes,Satisfying,17,
FBD-Lesson3,8/22/2021 14:08:51,,10,10,10,10,10,10,Between 30 to 60 minutes,Satisfying,15,
FBD-Lesson3,8/22/2021 14:28:04,,10,10,10,10,10,10,Between 60 to 90 minutes,Satisfying,14,
FBD-Lesson3,8/22/2021 14:31:44,,10,10,10,10,10,10,Between 30 to 60 minutes,Very satisfying,14,Very informative
FBD-Lesson3,8/22/2021 14:32:39,,10,10,10,10,10,10,Between 30 to 60 minutes,Very satisfying,14,
FBD-Lesson3,8/22/2021 14:35:57,,8,8,6,8,8,6,More than 90 minutes,Satisfying,14,Very fun
FBD-Lesson3,8/22/2021 14:37:09,,10,10,10,8,10,10,Between 30 to 60 minutes,Satisfying,15,
FBD-Lesson3,8/22/2021 15:04:40,,10,10,10,10,8,8,Between 30 to 60 minutes,Not sure,15,
FBD-Lesson3,8/22/2021 15:10:28,,10,10,10,10,10,10,Between 30 to 60 minutes,Satisfying,17,good.
FBD-Lesson3,8/22/2021 15:34:36,,8,8,8,8,8,6,Between 30 to 60 minutes,Satisfying,15,
FBD-Lesson3,8/22/2021 15:35:57,,8,8,8,8,8,8,Less than 30 minutes,Satisfying,15,Just okay
FBD-Lesson3,8/22/2021 16:29:47,,8,8,8,8,8,8,Between 30 to 60 minutes,Satisfying,15,
FBD-Lesson3,8/22/2021 16:44:38,,8,8,8,8,6,8,Between 30 to 60 minutes,Satisfying,17,
FBD-Lesson3,8/22/2021 16:44:46,,10,10,10,10,10,10,Less than 30 minutes,Very satisfying,14,Very motivated
FBD-Lesson3,8/22/2021 16:57:16,,10,10,10,10,10,10,Less than 30 minutes,Very satisfying,14,Very motivated
FBD-Lesson3,8/22/2021 17:07:55,,10,10,10,10,10,10,More than 90 minutes,Very satisfying,14,
FBD-Lesson3,8/22/2021 17:49:47,,10,10,10,10,10,8,Between 30 to 60 minutes,Very satisfying,15,
FBD-Lesson3,8/22/2021 18:11:25,,10,10,8,10,10,8,Between 30 to 60 minutes,Satisfying,15,
FBD-Lesson3,8/22/2021 18:31:21,,8,8,8,8,8,8,Less than 30 minutes,Satisfying,16,
FBD-Lesson3,8/22/2021 18:49:48,,8,6,8,8,6,8,Between 30 to 60 minutes,Not sure,15,
FBD-Lesson3,8/22/2021 19:55:50,,8,8,8,8,8,8,Less than 30 minutes,Satisfying,17,
FBD-Lesson3,8/22/2021 20:10:00,,10,10,10,10,10,10,Between 30 to 60 minutes,Very satisfying,16,I really like it.
FBD-Lesson3,8/22/2021 20:11:19,,10,10,10,10,10,10,Between 30 to 60 minutes,Very satisfying,16,I really like it.
FBD-Lesson3,8/22/2021 20:12:15,,10,8,8,8,8,8,Between 30 to 60 minutes,Satisfying,15,
FBD-Lesson3,8/22/2021 20:12:27,,8,8,8,10,8,10,Less than 30 minutes,Satisfying,15,
FBD-Lesson3,8/22/2021 20:20:59,,10,10,8,10,10,8,Between 60 to 90 minutes,Very satisfying,15,
FBD-Lesson3,8/22/2021 20:28:18,,8,8,8,8,8,8,Between 60 to 90 minutes,Satisfying,16,
FBD-Lesson3,8/22/2021 21:10:27,,8,8,8,8,8,8,Between 30 to 60 minutes,Satisfying,16,
FBD-Lesson3,8/22/2021 21:12:25,,10,10,10,10,10,10,Between 30 to 60 minutes,Very not satisfying,16,Yes i really like it
FBD-Lesson3,8/22/2021 21:18:29,,8,8,8,8,8,8,Less than 30 minutes,Satisfying,14,
FBD-Lesson3,8/22/2021 21:20:25,,10,10,10,10,10,10,Between 30 to 60 minutes,Very not satisfying,16,YES I really like it
FBD-Lesson3,8/22/2021 21:21:44,,10,10,10,10,10,10,Less than 30 minutes,Satisfying,16,
FBD-Lesson3,8/22/2021 21:22:36,,8,8,8,8,8,8,Less than 30 minutes,Satisfying,16,
FBD-Lesson3,8/22/2021 21:35:07,,10,10,10,10,10,10,Less than 30 minutes,Very satisfying,15,NONE
FBD-Lesson3,8/22/2021 21:35:58,,8,10,6,10,8,6,Less than 30 minutes,Satisfying,14,-
FBD-Lesson3,8/22/2021 22:59:42,,10,10,10,10,10,10,Less than 30 minutes,Very satisfying,15,Everyone single digital citizens should take notes.
FBD-Lesson3,8/22/2021 23:25:19,,8,8,8,8,8,8,Between 30 to 60 minutes,Satisfying,15,
FBD-Lesson3,8/22/2021 23:55:37,,10,10,10,10,10,10,Between 30 to 60 minutes,Very satisfying,14,Nice!
FBD-Lesson3,8/23/2021 0:19:58,,10,10,10,10,10,10,Between 30 to 60 minutes,Very satisfying,15,"I hang out a lot with people on discord, I learned a lot about online behavior and i will practice it. Thank you so much."
FBD-Lesson3,8/23/2021 0:30:30,,10,10,10,10,10,10,Between 30 to 60 minutes,Very satisfying,14,NICE!
FBD-Lesson3,8/23/2021 0:31:17,,10,10,10,10,10,10,Less than 30 minutes,Very satisfying,14,
FBD-Lesson3,8/23/2021 0:40:01,,8,8,8,8,8,8,Between 30 to 60 minutes,Satisfying,17,
FBD-Lesson3,8/23/2021 0:48:55,,10,10,10,10,10,10,Between 30 to 60 minutes,Very satisfying,14,
FBD-Lesson3,8/23/2021 8:30:09,,8,8,8,8,8,8,Between 30 to 60 minutes,Satisfying,15,
FBD-Lesson3,8/23/2021 8:48:40,,10,10,10,10,10,10,Less than 30 minutes,Very satisfying,15,
FBD-Lesson3,8/23/2021 8:51:26,,10,10,10,10,10,10,Less than 30 minutes,Very satisfying,15,
FBD-Lesson3,8/23/2021 10:25:28,,8,6,6,8,6,6,Less than 30 minutes,Not sure,16,
FBD-Lesson3,8/23/2021 11:02:36,,10,6,10,8,8,10,Less than 30 minutes,Satisfying,14,
FBD-Lesson3,8/23/2021 11:20:21,,10,10,10,10,10,10,Less than 30 minutes,Very satisfying,16,I enjoyed learning through the quizzes.
FBD-Lesson3,8/23/2021 12:09:44,,2,4,2,8,8,10,Between 30 to 60 minutes,Very satisfying,16,We should play media social carefully. Please donâ€™t use any harsh word to others. Al least avoid negative comments towards other users on social media. 
FBD-Lesson3,8/23/2021 12:19:58,,10,10,10,10,8,6,Less than 30 minutes,Satisfying,15,
FBD-Lesson3,8/23/2021 12:23:26,,10,10,10,10,10,10,Less than 30 minutes,Very satisfying,15,NONE
FBD-Lesson3,8/23/2021 12:26:54,,8,10,8,10,10,8,Less than 30 minutes,Very satisfying,16,"I very much enjoyed the activities in Lesson 3! Although there was one of activites where you had to pick which chat corresponded to which person, and you couldn't see the text messages as the fullscreen didn't work."
FBD-Lesson3,8/23/2021 13:37:54,,10,8,10,10,4,10,Between 30 to 60 minutes,Very satisfying,16,"People should use media social wisely. Please avoid using harsh and nasty words and spreads kindness through words. Negative comments can lead to bad mental health for us. Long story short, always do good deeds where ever you are."
FBD-Lesson3,8/23/2021 13:39:57,,8,8,8,8,8,8,Between 30 to 60 minutes,Satisfying,15,
FBD-Lesson3,8/23/2021 14:05:02,,10,10,10,8,8,8,Less than 30 minutes,Satisfying,15,
FBD-Lesson3,8/23/2021 14:09:10,,8,8,8,8,8,8,Between 30 to 60 minutes,Satisfying,15,
FBD-Lesson3,8/23/2021 14:09:53,,10,10,10,10,10,10,Less than 30 minutes,Very satisfying,15,
FBD-Lesson3,8/23/2021 14:39:51,,10,10,10,10,10,10,Between 30 to 60 minutes,Very satisfying,13,
FBD-Lesson3,8/23/2021 14:43:26,,10,10,10,10,10,10,Less than 30 minutes,Very satisfying,14,
FBD-Lesson3,8/23/2021 14:44:14,,10,10,10,10,10,10,Between 30 to 60 minutes,Very satisfying,15,
FBD-Lesson3,8/23/2021 15:02:14,,6,6,6,6,6,6,Less than 30 minutes,Satisfying,13,
FBD-Lesson3,8/23/2021 15:40:19,,10,10,10,10,10,10,Less than 30 minutes,Very satisfying,15,watch some videos
FBD-Lesson3,8/23/2021 15:43:57,,10,10,10,10,10,10,Between 30 to 60 minutes,Very satisfying,14,.
FBD-Lesson3,8/23/2021 15:48:59,,8,8,8,8,8,8,Between 30 to 60 minutes,Satisfying,16,
FBD-Lesson3,8/23/2021 15:51:56,,8,8,8,8,8,8,Between 30 to 60 minutes,Satisfying,17,
FBD-Lesson3,8/23/2021 15:56:23,,10,10,10,10,8,8,Less than 30 minutes,Very satisfying,13,
FBD-Lesson3,8/23/2021 16:16:56,,8,8,8,8,8,8,Between 30 to 60 minutes,Not sure,16,
FBD-Lesson3,8/23/2021 16:54:56,,8,8,10,8,8,8,Between 30 to 60 minutes,Satisfying,13,
FBD-Lesson3,8/23/2021 17:08:56,,10,6,10,10,6,10,Between 30 to 60 minutes,Very satisfying,14,no it is good for me
FBD-Lesson3,8/23/2021 17:15:40,,8,10,8,8,10,10,Between 30 to 60 minutes,Satisfying,16,
FBD-Lesson3,8/23/2021 17:19:43,,10,10,8,10,10,8,Between 30 to 60 minutes,Satisfying,15,
FBD-Lesson3,8/23/2021 17:21:19,,10,10,10,10,10,10,Less than 30 minutes,Satisfying,16,
FBD-Lesson3,8/23/2021 17:39:13,,10,10,10,10,10,10,Between 30 to 60 minutes,Very satisfying,13,
FBD-Lesson3,8/23/2021 17:39:59,,10,8,10,10,8,10,Between 60 to 90 minutes,Satisfying,16,I would recommend to slow down the text animation or put a pause button as it is really fast and hard to read. ^^
FBD-Lesson3,8/23/2021 17:51:51,,8,8,8,10,8,10,Between 30 to 60 minutes,Satisfying,17,
FBD-Lesson3,8/23/2021 18:11:20,,10,10,8,10,10,8,Between 30 to 60 minutes,Satisfying,15,
FBD-Lesson3,8/23/2021 18:26:59,,10,8,10,10,10,10,Less than 30 minutes,Very satisfying,15,
FBD-Lesson3,8/23/2021 18:27:43,,10,8,8,10,10,8,Between 30 to 60 minutes,Very satisfying,15,I love the way that angela have a positivity thinking
FBD-Lesson3,8/23/2021 18:42:12,,10,10,10,10,10,10,Between 30 to 60 minutes,Very satisfying,15,"As per usual, the lessons are really fun!!!"
FBD-Lesson3,8/23/2021 18:42:40,,10,10,10,10,10,10,Between 30 to 60 minutes,Very satisfying,17,I learn many interesting thing.
FBD-Lesson3,8/23/2021 19:03:43,,8,8,10,10,10,10,Between 30 to 60 minutes,Satisfying,17,
FBD-Lesson3,8/23/2021 19:21:52,,8,8,8,8,8,8,Between 30 to 60 minutes,Satisfying,16,Everything is great. Looking forward for a next session
FBD-Lesson3,8/23/2021 19:31:17,,6,6,8,6,6,8,Between 30 to 60 minutes,Not sure,15,
FBD-Lesson3,8/23/2021 20:05:05,,10,10,10,10,10,10,Less than 30 minutes,Very satisfying,16,
FBD-Lesson3,8/23/2021 20:14:35,,8,8,8,8,8,8,Less than 30 minutes,Satisfying,15,
FBD-Lesson3,8/23/2021 20:40:09,,8,8,8,6,6,6,Less than 30 minutes,Very satisfying,16,Enjoy this activities
FBD-Lesson3,8/23/2021 20:50:08,,8,8,10,10,8,8,Between 30 to 60 minutes,Satisfying,15,I love on how the information that been thought in this lesson.
FBD-Lesson3,8/23/2021 20:52:38,,8,8,8,8,8,8,Between 30 to 60 minutes,Not sure,17,
FBD-Lesson3,8/23/2021 21:26:11,,10,10,10,10,10,10,Between 60 to 90 minutes,Satisfying,13,
FBD-Lesson3,8/23/2021 21:27:50,,10,10,10,6,10,8,Less than 30 minutes,Satisfying,16,Enjoy
FBD-Lesson3,8/23/2021 21:29:01,,10,10,10,6,10,8,Less than 30 minutes,Satisfying,16,Enjoy
FBD-Lesson3,8/23/2021 21:32:37,,8,8,8,10,10,10,Between 30 to 60 minutes,Satisfying,16,Enjoy
FBD-Lesson3,8/23/2021 21:48:55,,6,8,6,8,6,6,Between 30 to 60 minutes,Satisfying,15,
FBD-Lesson3,8/23/2021 21:52:06,,10,8,8,10,8,10,Between 30 to 60 minutes,Satisfying,15,
FBD-Lesson3,8/23/2021 21:52:17,,10,10,10,10,10,10,Between 30 to 60 minutes,Very satisfying,15,
FBD-Lesson3,8/23/2021 22:02:48,,10,10,10,10,10,10,Between 30 to 60 minutes,Very satisfying,15,
FBD-Lesson3,8/23/2021 22:03:59,,10,10,10,10,10,10,Less than 30 minutes,Satisfying,16,Yes. It will be improvement to me
FBD-Lesson3,8/23/2021 22:04:35,,10,10,10,10,10,10,Between 30 to 60 minutes,Very satisfying,16,yes it will be improved
FBD-Lesson3,8/23/2021 22:25:12,,6,8,6,8,6,8,Less than 30 minutes,Satisfying,16,
FBD-Lesson3,8/23/2021 22:29:19,,10,8,6,8,8,6,Less than 30 minutes,Satisfying,16,I can't see certain image. Overall is okay.
FBD-Lesson3,8/23/2021 22:45:30,,8,8,6,8,8,8,Between 30 to 60 minutes,Satisfying,17,
FBD-Lesson3,8/23/2021 22:49:38,,10,10,10,10,10,10,Less than 30 minutes,Very satisfying,16,"no.It""s perfect."
FBD-Lesson3,8/23/2021 23:04:15,,8,8,8,8,8,8,Less than 30 minutes,Satisfying,16,Great
FBD-Lesson3,8/23/2021 23:04:16,,8,8,8,8,8,8,Less than 30 minutes,Satisfying,16,
FBD-Lesson3,8/23/2021 23:26:01,,8,8,8,8,8,8,Between 30 to 60 minutes,Not sure,17,
FBD-Lesson3,8/23/2021 23:56:14,,10,10,10,10,10,10,Less than 30 minutes,Satisfying,16,
FBD-Lesson3,8/23/2021 23:57:22,,10,10,10,10,10,10,Between 30 to 60 minutes,Satisfying,16,It always amazing
FBD-Lesson3,8/24/2021 0:10:20,,10,10,10,10,10,10,Less than 30 minutes,Very satisfying,16,
FBD-Lesson3,8/24/2021 0:19:49,,10,10,10,10,10,10,Between 60 to 90 minutes,Very satisfying,14,
FBD-Lesson3,8/24/2021 0:22:52,,10,10,10,10,10,10,Between 30 to 60 minutes,Very satisfying,13,
FBD-Lesson3,8/24/2021 2:19:56,,6,8,8,8,8,8,Less than 30 minutes,Satisfying,17,
FBD-Lesson3,8/24/2021 2:55:35,,8,8,8,8,8,8,Between 30 to 60 minutes,Satisfying,16,
FBD-Lesson3,8/24/2021 3:15:38,,10,8,10,10,8,8,Between 30 to 60 minutes,Satisfying,17,
FBD-Lesson3,8/24/2021 6:34:16,,10,10,10,10,10,10,Between 30 to 60 minutes,Very satisfying,14,I really have learnt so many informations about online . 
FBD-Lesson3,8/24/2021 8:44:40,,8,8,8,8,8,8,Less than 30 minutes,Satisfying,15,
FBD-Lesson3,8/24/2021 9:08:21,,10,8,10,10,8,10,Between 60 to 90 minutes,Satisfying,16,I'm agree all about digital citizen
FBD-Lesson3,8/24/2021 10:37:51,,8,8,8,8,8,6,Between 30 to 60 minutes,Satisfying,15,
FBD-Lesson3,8/24/2021 10:43:26,,10,10,10,10,10,10,Less than 30 minutes,Very satisfying,16,
FBD-Lesson3,8/24/2021 10:44:00,,10,10,10,10,10,10,Less than 30 minutes,Very satisfying,16,
FBD-Lesson3,8/24/2021 12:18:46,,10,10,10,10,10,10,Between 30 to 60 minutes,Very satisfying,14,
FBD-Lesson3,8/24/2021 12:52:35,,10,8,10,10,8,10,Between 30 to 60 minutes,Satisfying,14,
FBD-Lesson3,8/24/2021 12:54:41,,8,8,10,8,8,10,Between 60 to 90 minutes,Satisfying,14,It was knowledgeable .
FBD-Lesson3,8/24/2021 13:16:14,,8,8,8,8,8,8,Between 30 to 60 minutes,Not sure,16,
FBD-Lesson3,8/24/2021 13:55:45,,8,8,6,10,10,6,More than 90 minutes,Satisfying,14,nope:)
FBD-Lesson3,8/24/2021 14:29:33,,8,8,8,8,8,10,Less than 30 minutes,Not sure,16,
FBD-Lesson3,8/24/2021 15:02:20,,8,8,8,8,10,10,Less than 30 minutes,Satisfying,17,THE LESSON TEACH US HOW TO BE A GOOD CITIZANS BECAUSE NOWADAYS THERE ARE TO MANY PEOPLE ARE BEING TOXIC IN SOCIAL MEDIA EVEN OTHER PERSIN DIDN'T DO ANYTHING WRONG WITH THEM...IT ALSO TEACH US HOW TOREACT IN THE SOSIAL MEDIA PLATFORM SUCH AS IN OUR REAL LIFE...IT IS VERY GOOD AND FANTASTIC
FBD-Lesson3,8/24/2021 15:40:50,,10,10,10,10,10,10,Between 30 to 60 minutes,Very satisfying,16,I think all the information are useful for me! But I think can try to add more tricks used by scammers nowadays because scammers nowadays use many tricks to get money.
FBD-Lesson3,8/24/2021 15:55:56,,10,10,10,10,10,10,Between 30 to 60 minutes,Very satisfying,16,
FBD-Lesson3,8/24/2021 16:10:44,,10,10,10,10,10,10,Between 30 to 60 minutes,Satisfying,14,
FBD-Lesson3,8/24/2021 16:37:26,,8,8,8,8,8,8,Between 30 to 60 minutes,Satisfying,16,
FBD-Lesson3,8/24/2021 16:37:42,,10,10,10,10,10,10,Less than 30 minutes,Very satisfying,17,
FBD-Lesson3,8/24/2021 16:45:15,,6,8,4,8,6,8,More than 90 minutes,Not sure,14,
FBD-Lesson3,8/24/2021 17:01:52,,10,10,10,10,10,10,Between 30 to 60 minutes,Very satisfying,15,
FBD-Lesson3,8/24/2021 17:19:13,,6,6,6,6,6,6,Less than 30 minutes,Satisfying,15,
FBD-Lesson3,8/24/2021 17:24:37,,10,10,10,10,10,10,Less than 30 minutes,Satisfying,14,This lesson is interesting and I enjoy reading the notes.
FBD-Lesson3,8/24/2021 17:31:07,,10,10,10,10,10,10,Less than 30 minutes,Very satisfying,14,
FBD-Lesson3,8/24/2021 17:32:45,,8,8,8,8,8,8,Between 30 to 60 minutes,Satisfying,16,None
FBD-Lesson3,8/24/2021 17:35:02,,10,10,10,10,10,10,Between 30 to 60 minutes,Very satisfying,16,Interesting!
FBD-Lesson3,8/24/2021 17:37:52,,8,10,10,8,10,10,Less than 30 minutes,Not sure,15,I think you should improvise the chatting game because Iâ€™m unable to see the chats and identify what type of situation is it.
FBD-Lesson3,8/24/2021 17:46:59,,8,8,8,8,8,8,Between 30 to 60 minutes,Satisfying,14,
FBD-Lesson3,8/24/2021 17:56:38,,10,10,10,10,10,10,Less than 30 minutes,Very satisfying,14,NOTHING
FBD-Lesson3,8/24/2021 18:00:58,,8,10,10,8,10,10,Less than 30 minutes,Satisfying,15,Very entertaining
FBD-Lesson3,8/24/2021 18:06:31,,8,8,8,8,8,8,Between 30 to 60 minutes,Satisfying,16,Satisfying
FBD-Lesson3,8/24/2021 18:10:18,,10,10,10,10,10,10,Between 30 to 60 minutes,Satisfying,16,learn how to avoid stranger before anything bad happend 
FBD-Lesson3,8/24/2021 18:14:18,,8,8,8,8,8,8,Between 30 to 60 minutes,Satisfying,16,None
FBD-Lesson3,8/24/2021 18:41:27,,10,10,10,10,10,10,Between 60 to 90 minutes,Satisfying,16,
FBD-Lesson3,8/24/2021 18:42:59,,10,10,10,10,10,10,Between 30 to 60 minutes,Very satisfying,16,
FBD-Lesson3,8/24/2021 18:55:09,,10,10,10,10,10,10,Between 30 to 60 minutes,Very satisfying,16,
FBD-Lesson3,8/24/2021 18:56:20,,6,6,6,6,6,6,Between 60 to 90 minutes,Not satisfying,16,I have a problem in learning this using phone. Hm. 
FBD-Lesson3,8/24/2021 18:58:05,,10,10,8,8,8,8,Less than 30 minutes,Very satisfying,17,
FBD-Lesson3,8/24/2021 19:11:35,,10,10,10,10,10,10,Less than 30 minutes,Very satisfying,16,
FBD-Lesson3,8/24/2021 19:13:48,,10,10,10,8,8,6,Less than 30 minutes,Satisfying,16,
FBD-Lesson3,8/24/2021 19:16:03,,8,8,8,8,8,8,Between 30 to 60 minutes,Satisfying,16,
FBD-Lesson3,8/24/2021 19:16:57,,8,6,8,10,6,8,Less than 30 minutes,Not sure,17,
FBD-Lesson3,8/24/2021 19:19:30,,8,6,6,8,6,6,Between 30 to 60 minutes,Not sure,16,
FBD-Lesson3,8/24/2021 19:19:53,,10,10,10,10,10,10,Less than 30 minutes,Satisfying,16,
FBD-Lesson3,8/24/2021 19:33:52,,10,8,8,8,8,8,Less than 30 minutes,Satisfying,17,
FBD-Lesson3,8/24/2021 19:40:25,,10,8,8,10,8,8,Less than 30 minutes,Satisfying,16,
FBD-Lesson3,8/24/2021 19:42:20,,10,10,8,8,10,10,Between 30 to 60 minutes,Very satisfying,16,everything is perfect
FBD-Lesson3,8/24/2021 20:00:36,,8,8,6,10,8,8,Between 30 to 60 minutes,Satisfying,16,
FBD-Lesson3,8/24/2021 20:10:11,,10,10,10,10,10,10,Between 30 to 60 minutes,Very satisfying,17,
FBD-Lesson3,8/24/2021 20:26:39,,10,8,8,10,8,8,Less than 30 minutes,Satisfying,17,
FBD-Lesson3,8/24/2021 20:31:11,,8,8,8,10,8,10,Between 30 to 60 minutes,Very satisfying,17,
FBD-Lesson3,8/24/2021 20:33:35,,8,8,8,8,8,8,Less than 30 minutes,Satisfying,17,
FBD-Lesson3,8/24/2021 20:47:51,,10,10,10,10,10,10,Between 60 to 90 minutes,Satisfying,16,
FBD-Lesson3,8/24/2021 20:49:14,,10,8,10,10,10,10,Between 30 to 60 minutes,Satisfying,14,
FBD-Lesson3,8/24/2021 20:52:46,,10,10,10,10,8,10,Between 30 to 60 minutes,Very satisfying,15,
FBD-Lesson3,8/24/2021 20:54:21,,10,8,10,10,10,8,Between 30 to 60 minutes,Satisfying,14,
FBD-Lesson3,8/24/2021 21:22:19,,6,8,6,6,6,8,Less than 30 minutes,Not sure,14,
FBD-Lesson3,8/24/2021 21:27:12,,10,10,10,10,10,10,Between 30 to 60 minutes,Very satisfying,16,"I loved the quizzes added between information to provide a better understanding, the pictures are well chosen and they really give an additional touch to the page."
FBD-Lesson3,8/24/2021 21:33:27,,6,6,6,2,6,6,Less than 30 minutes,Not sure,14,
FBD-Lesson3,8/24/2021 21:37:45,,10,10,10,10,10,10,Less than 30 minutes,Very satisfying,17,
FBD-Lesson3,8/24/2021 21:41:04,,10,10,10,10,10,10,Less than 30 minutes,Very satisfying,16,
FBD-Lesson3,8/24/2021 21:42:55,,10,8,8,8,10,8,Between 30 to 60 minutes,Not sure,16,
FBD-Lesson3,8/24/2021 21:44:38,,10,8,10,10,8,10,Less than 30 minutes,Satisfying,16,
FBD-Lesson3,8/24/2021 21:48:48,,8,8,8,8,8,8,Less than 30 minutes,Satisfying,17,
FBD-Lesson3,8/24/2021 21:51:18,,10,10,10,10,10,10,Less than 30 minutes,Very satisfying,15,there is no think to add as this lesson is da bomb!!
FBD-Lesson3,8/24/2021 21:52:37,,10,8,10,10,10,10,Less than 30 minutes,Satisfying,15,
FBD-Lesson3,8/24/2021 22:01:31,,6,6,6,6,6,6,Between 30 to 60 minutes,Not sure,15,
FBD-Lesson3,8/24/2021 22:03:09,,8,8,8,8,8,8,Between 30 to 60 minutes,Satisfying,16,
FBD-Lesson3,8/24/2021 22:07:49,,8,8,8,8,8,8,Less than 30 minutes,Not sure,15,-
FBD-Lesson3,8/24/2021 22:08:50,,10,10,10,10,10,10,Less than 30 minutes,Very satisfying,13,
FBD-Lesson3,8/24/2021 22:16:12,,10,10,10,10,10,10,Between 30 to 60 minutes,Satisfying,16,
FBD-Lesson3,8/24/2021 22:16:36,,10,10,10,8,8,8,Between 60 to 90 minutes,Not sure,16,
FBD-Lesson3,8/24/2021 22:27:52,,10,10,10,6,8,8,Between 30 to 60 minutes,Satisfying,16,
FBD-Lesson3,8/24/2021 22:31:52,,10,10,10,10,10,8,Between 30 to 60 minutes,Very satisfying,17,
FBD-Lesson3,8/24/2021 22:33:27,,10,10,10,10,10,10,Between 30 to 60 minutes,Very satisfying,16,"Even though I've said this already, but I would like to repeat that the graphic and little animations throughout the lesson are all very nice! Mini quizzes, games, ways to interact  and share our opinions are very satisfying!"
FBD-Lesson3,8/24/2021 22:58:47,,10,10,10,10,10,10,Less than 30 minutes,Very satisfying,14,The fullscreen button doesn't work. I pretty much had to guess my way through one of the activities.
FBD-Lesson3,8/24/2021 23:06:20,,10,10,10,8,8,10,Less than 30 minutes,Satisfying,14,Pretty awesome
FBD-Lesson3,8/24/2021 23:54:28,,10,10,10,10,10,10,Between 30 to 60 minutes,Very satisfying,16,
FBD-Lesson3,8/25/2021 0:01:08,,8,8,10,8,8,10,Between 30 to 60 minutes,Satisfying,15,-
FBD-Lesson3,8/25/2021 0:02:01,,10,8,10,10,10,10,Less than 30 minutes,Satisfying,16,
FBD-Lesson3,8/25/2021 0:10:08,,8,8,8,8,8,8,Between 60 to 90 minutes,Satisfying,16,
FBD-Lesson3,8/25/2021 0:11:14,,8,8,10,8,8,10,Between 30 to 60 minutes,Satisfying,15,-
FBD-Lesson3,8/25/2021 0:21:10,,10,10,10,10,10,10,Between 30 to 60 minutes,Very satisfying,16,Helpful information 
FBD-Lesson3,8/25/2021 1:02:30,,10,10,10,10,10,10,Less than 30 minutes,Very satisfying,16,Helpful information 
FBD-Lesson3,8/25/2021 1:24:28,,6,6,6,8,6,8,Between 60 to 90 minutes,Not sure,17,
FBD-Lesson3,8/25/2021 1:59:09,,10,10,8,10,10,8,Less than 30 minutes,Satisfying,14,
FBD-Lesson3,8/25/2021 7:47:22,,10,10,10,10,10,10,Less than 30 minutes,Very satisfying,17,
FBD-Lesson3,8/25/2021 8:27:22,,8,10,8,8,10,10,Between 30 to 60 minutes,Very satisfying,15,
FBD-Lesson3,8/25/2021 10:18:52,,8,8,8,10,8,8,Between 30 to 60 minutes,Satisfying,14,
FBD-Lesson3,8/25/2021 11:37:29,,8,8,6,8,8,6,Less than 30 minutes,Satisfying,13,-
FBD-Lesson3,8/25/2021 12:44:35,,10,8,10,10,10,10,Less than 30 minutes,Very satisfying,16,
FBD-Lesson3,8/25/2021 13:03:22,,10,10,10,8,10,10,Less than 30 minutes,Satisfying,14,
FBD-Lesson3,8/25/2021 13:44:47,,8,8,10,8,8,8,Between 30 to 60 minutes,Satisfying,14,
FBD-Lesson3,8/25/2021 13:49:28,,10,10,10,10,10,10,Less than 30 minutes,Satisfying,16,
FBD-Lesson3,8/25/2021 14:14:49,,8,8,8,8,8,8,Between 30 to 60 minutes,Satisfying,15,
FBD-Lesson3,8/25/2021 14:36:25,,10,10,10,10,10,10,Less than 30 minutes,Very satisfying,16,
FBD-Lesson3,8/25/2021 14:37:05,,10,10,10,10,10,10,Less than 30 minutes,Very satisfying,16,
FBD-Lesson3,8/25/2021 14:37:45,,10,10,10,10,10,10,Less than 30 minutes,Very satisfying,16,
FBD-Lesson3,8/25/2021 14:41:10,,10,10,10,10,10,10,More than 90 minutes,Satisfying,15,-
FBD-Lesson3,8/25/2021 14:53:48,,10,10,10,10,10,10,Less than 30 minutes,Very satisfying,16,
FBD-Lesson3,8/25/2021 14:54:06,,10,10,10,10,10,10,More than 90 minutes,Satisfying,15,-
FBD-Lesson3,8/25/2021 14:59:25,,10,10,10,10,10,10,Between 60 to 90 minutes,Very satisfying,17,
FBD-Lesson3,8/25/2021 15:31:36,,10,8,10,10,8,10,Less than 30 minutes,Satisfying,15,
FBD-Lesson3,8/25/2021 17:15:03,,8,8,8,8,8,8,Less than 30 minutes,Satisfying,15,
FBD-Lesson3,8/25/2021 18:05:10,,8,8,10,8,6,10,Less than 30 minutes,Satisfying,14,
FBD-Lesson3,8/25/2021 19:47:20,,10,10,10,10,10,10,Between 30 to 60 minutes,Very satisfying,16,"Amazing facts and fun to learn... Keeep itt UPP
"
FBD-Lesson3,8/25/2021 20:18:42,,8,10,8,8,10,8,Between 30 to 60 minutes,Satisfying,15,-
FBD-Lesson3,8/25/2021 20:33:12,,8,8,8,8,8,8,Between 60 to 90 minutes,Satisfying,16,
FBD-Lesson3,8/25/2021 21:34:18,,8,8,8,8,8,8,Between 60 to 90 minutes,Satisfying,16,
FBD-Lesson3,8/25/2021 21:43:57,,8,8,6,8,8,6,Between 30 to 60 minutes,Satisfying,14,
FBD-Lesson3,8/25/2021 21:51:38,,10,10,10,10,10,10,Between 30 to 60 minutes,Satisfying,16,
FBD-Lesson3,8/25/2021 22:39:25,,10,10,10,10,10,10,Less than 30 minutes,Very satisfying,15,
FBD-Lesson3,8/26/2021 22:34:30,,8,8,10,8,10,8,Less than 30 minutes,Satisfying,14,
FBD-Lesson3,10/8/2021 22:38,,8,8,8,8,8,8,Less than 30 minutes,Satisfying,18,
